	logFC	AveExpr	t	P.Value	adj.P.Val	B
CXCL8	3.8116949532054	6.9042018260768	8.85362309096809	1.5892343322274e-12	3.73787914939884e-08	18.1214547809785
S100A8	3.05140959749657	5.75098927363947	8.63338239631657	3.76502799636484e-12	4.42767292372505e-08	17.3060718172628
FCGR3B	3.24403146886708	5.92423610621305	8.44532336046631	7.88104902045814e-12	6.17874243203918e-08	16.607074183399
SRGN	1.71722424384895	6.83925338501926	8.09151176077463	3.17769205885442e-11	1.8684829306064e-07	15.2862795565807
HCAR3	3.56026313822337	6.19411174705763	7.98066079489254	4.92302112205075e-11	2.31578913581267e-07	14.871230791795
PLEK	1.96201114640563	6.16888186358124	7.82674462226602	9.04557527062998e-11	3.39473488641063e-07	14.2942001442327
BASP1	1.16996602682333	5.4652549803901	7.76501194416294	1.15467173007164e-10	3.39473488641063e-07	14.0625686614069
S100A9	2.42345960733133	7.59489101740403	7.69208404829725	1.54076595737268e-10	4.02653503526726e-07	13.7888164129739
BCL2A1	2.97686465986431	5.66982521678707	7.62060047361919	2.04434612281639e-10	4.80329631820918e-07	13.5203890313878
WARS	1.7322903731876	8.36173000025702	7.57940230286506	2.4062651058395e-10	4.80329631820918e-07	13.3656523723684
LOC101928916 /// NNMT	2.19819995481309	6.32234764467857	7.56703463599267	2.52693863253085e-10	4.80329631820918e-07	13.3191966571103
MMP3	4.49686640293342	7.32337603771833	7.55455091774452	2.6548831690782e-10	4.80329631820918e-07	13.2723034587316
MNDA	3.01578299343842	4.91772151464449	7.51130956121675	3.15026259491004e-10	5.29244115944886e-07	13.1098636036516
TYROBP	1.64988245637581	6.57793355472641	7.45082655063949	4.00194020377234e-10	6.27504223951504e-07	12.8826360455798
CHI3L1	2.39206170005006	5.20876592026014	7.33153113088127	6.415222269071e-10	8.6533158479629e-07	12.4344542484529
IFI30 /// PIK3R2	1.21594074895899	9.28897076853843	7.32349313133539	6.62243559793079e-10	8.6533158479629e-07	12.4042584914515
CXCL6	3.55998338463258	4.92326576206766	7.29511142293884	7.40904999917637e-10	9.17162399898043e-07	12.2976433633227
FCER1G	1.7344049074769	5.81706606968821	7.25872088653654	8.55565602787202e-10	1.00614514887775e-06	12.1609553890427
DRAM1	1.22519138269675	5.9731450840289	7.23393695348704	9.43640319777667e-10	1.05687715815099e-06	12.0678730093365
CCL3 /// CCL3L1 /// CCL3L3	2.73686376916273	6.07840506772732	7.21590757380864	1.01334823745741e-09	1.08336138840902e-06	12.0001647511028
NCF2	2.0433512233093	4.76026111102659	7.17837106464269	1.17541027757903e-09	1.20198477081125e-06	11.8592162014626
TNFAIP6	2.54201528698393	4.81509141658325	7.11105683697859	1.53353082701718e-09	1.40005407449002e-06	11.6065243192724
SELE	2.93818659416451	4.60008479058024	7.10873187169072	1.54767882384101e-09	1.40005407449002e-06	11.5977984673951
G0S2	2.43063041960261	6.57960447520199	7.05201515773909	1.93620416005437e-09	1.62641149444567e-06	11.3849789115011
SLC7A5	1.0623445311747	5.98059504261658	7.0305825872356	2.10715207159447e-09	1.70897299047938e-06	11.30458111165
LY96	2.26572837674028	5.56226825812977	7.01468478318732	2.24360733653594e-09	1.75898815184418e-06	11.244954669409
FCGR2A	1.05971873705975	3.69093404910422	6.97263417914522	2.64854014934308e-09	2.0094730423403e-06	11.0872805010246
IGLL3P	1.70126883402774	8.29633356776463	6.94454829891119	2.95881649512343e-09	2.17473012391572e-06	10.9820046209268
CSF2RB	2.50111470687061	6.27726840886607	6.9322738903384	3.10555740994634e-09	2.21341546308902e-06	10.9360053547124
CCL4	1.95813034627531	6.86082896918945	6.91396325515765	3.3380545476863e-09	2.25796667651186e-06	10.8673961995369
HCLS1	1.77854605269137	6.370452294743	6.84969777382273	4.30013584034111e-09	2.67809025972022e-06	10.6267110164646
PLAU	1.94453800382677	6.00309875818186	6.82524632335287	4.73485113355663e-09	2.7840924665313e-06	10.5351865787267
MYO1F	1.17844755661449	5.80942412455604	6.80482281361631	5.131330664225e-09	2.94363163957493e-06	10.458761980973
HCK	1.50601987469505	5.90211198151713	6.77885464748131	5.68355816051334e-09	3.11222729890636e-06	10.3616206348525
SLC2A3	1.48811880077013	5.48560406918755	6.77857254516029	5.68987133728628e-09	3.11222729890636e-06	10.3605655483034
ENTPD5	-1.00177649268289	7.37618989631295	-6.74914450008503	6.38831615170016e-09	3.33895990862195e-06	10.250526280878
RBMS1	1.35775472846703	5.86789476122241	6.73259230926763	6.81803705149997e-09	3.48609198807129e-06	10.1886547881044
C1QB	1.38192566832069	5.77229995908914	6.7088366498056	7.48555030447725e-09	3.74596049279372e-06	10.0998851413774
PTGS2	2.7889974053616	5.15079430819061	6.65547382667476	9.23180157684067e-09	4.52358277265193e-06	9.90060719795603
MMP12	2.92217763408107	8.5769998298638	6.61355772850978	1.08831936084002e-08	4.93584939813989e-06	9.74420689078956
KYNU	1.44924417037373	4.9422650301459	6.59671321194949	1.16268494557907e-08	4.97206362182178e-06	9.68138972021336
C1R	1.63545424822368	6.98239924952979	6.55977027365383	1.34396035018817e-08	5.44201596121852e-06	9.54369275252398
SH3BP5	1.13787162297382	6.4985133612078	6.55479179171689	1.37044868923645e-08	5.44201596121852e-06	9.52514427799589
FGR	1.26831662532332	5.30592204182842	6.55117388051008	1.39002330583514e-08	5.44201596121852e-06	9.51166610148907
INHBA	1.78856554014181	4.3411300373661	6.54710759737596	1.41235601457885e-08	5.44201596121852e-06	9.49651875128905
TGFBI	1.7011276700715	8.40023913135035	6.5415800431362	1.44328775859136e-08	5.44201596121852e-06	9.47593004149531
ICAM1	1.0575332409643	5.73703078621499	6.53456479297531	1.48351673465023e-08	5.44201596121852e-06	9.44980345098845
SLA	1.00270459404793	6.32864141199519	6.53016438744067	1.50931816957338e-08	5.44201596121852e-06	9.43341716878946
CSTA	1.63947331739163	5.71062201217899	6.52929799408794	1.51445055310648e-08	5.44201596121852e-06	9.43019106163196
IGH /// IGHA1 /// IGHA2	1.80517270702344	11.7203177948529	6.52494585569088	1.54049579574764e-08	5.44201596121852e-06	9.41398630756864
PROK2	2.47601389084439	3.95489026967999	6.51710577961245	1.58854380299538e-08	5.44201596121852e-06	9.38479834400716
TUBB6	1.63073576732548	6.26652011490001	6.51358178652111	1.61062345392336e-08	5.44201596121852e-06	9.37168039923851
IGH /// IGHA1 /// IGHA2 /// IGHD /// IGHG1 /// IGHG2 /// IGHG3 /// IGHM /// IGHV4-31	1.43541923494673	7.20159419218394	6.51215531239619	1.61964760750551e-08	5.44201596121852e-06	9.36637068029559
SLC26A2	-2.48998109935925	9.43898843394529	-6.50693553438175	1.65309975419233e-08	5.47618397445121e-06	9.34694266215332
CD93	1.56925759184792	6.70828534407475	6.50316373282566	1.67769906858897e-08	5.4804836240573e-06	9.33290538272364
CXCL11	2.7478819129488	5.2993241040966	6.49215383154857	1.75160651452308e-08	5.57647384564173e-06	9.29193714286784
IL1B	2.30111858204895	8.02097956107023	6.48859927568886	1.77615223290529e-08	5.57647384564173e-06	9.27871263607306
ANXA5	1.01439419777976	9.31037708481072	6.48812663652976	1.77944166971528e-08	5.57647384564173e-06	9.2769542896798
IGSF6	1.05516919644522	3.67655163561364	6.48383944435463	1.80955742319475e-08	5.57647384564173e-06	9.2610056124775
CTHRC1	2.49643899271723	5.36025072440016	6.48134607013642	1.82730490769794e-08	5.57647384564173e-06	9.25173077535166
GMFG	1.40028591713331	6.38850761785495	6.46825524599878	1.92336281447155e-08	5.64778184037337e-06	9.20304415888084
TIMP1	1.73175692045226	9.31060958327872	6.45241323511868	2.04634565888039e-08	5.72976784486508e-06	9.1441449394861
CCR1	1.5616822216272	5.35091807236931	6.43667071482899	2.17629767910076e-08	5.91252530793171e-06	9.08563709785085
IGKV1OR2-108 /// IGKV1OR2-108	2.18828806358104	8.50650668538382	6.43031524055397	2.23105680737414e-08	5.91252530793171e-06	9.06202282858755
DUSP4	1.26547735285411	5.65457579276087	6.4287406138785	2.24483427358233e-08	5.91252530793171e-06	9.05617273096674
IDO1	2.55206639684011	7.25996720007105	6.42718883078348	2.25849461042427e-08	5.91252530793171e-06	9.05040771804624
CXCL9	2.0026340941705	5.79920575454655	6.41938067928088	2.32849387470755e-08	5.91252530793171e-06	9.02140299872749
PLA2G7	1.42537197209679	4.83761133233265	6.41934473973492	2.32882100456522e-08	5.91252530793171e-06	9.02126950774093
SLC2A14 /// SLC2A3	1.46241882609522	5.50354742465314	6.41686280993433	2.35152295600364e-08	5.91252530793171e-06	9.0120511064393
C1QA	1.33689353629652	6.1550116172257	6.41278912531082	2.38926233872717e-08	5.91252530793171e-06	8.99692180214673
AC128677.4 /// CH17-132F21.1 /// IGKV1OR-1 /// IGKV1OR-1 /// IGKV1OR10-1 /// IGKV1OR10-1 /// IGKV1OR2-2	1.91507645249843	8.09460648424609	6.41143534107202	2.40193685804348e-08	5.91252530793171e-06	8.99189429955701
LOC100130872 /// SPON2	1.11893406511644	6.07687950980267	6.39382625468777	2.57301583512027e-08	6.17523800428864e-06	8.92651526985707
CEMIP	1.34669947339771	5.41049945205739	6.3848839183258	2.66447677817518e-08	6.27958553506308e-06	8.89332510715994
EVI2B	1.83967670490371	6.57825472199281	6.3842496961315	2.6710848835624e-08	6.27958553506308e-06	8.8909714262065
IFITM2	1.24789540046655	9.29759221342898	6.36551845660238	2.87376767595582e-08	6.42020490613189e-06	8.82147444884973
CPVL	1.09084333146218	5.7168850980359	6.36453569810026	2.8848138379649e-08	6.42020490613189e-06	8.8178291203738
CD274	1.18689738183311	5.5178395911047	6.35629951923419	2.97906213558959e-08	6.4677531357137e-06	8.78728245149239
IGHG1 /// IGHG2 /// IGHM /// IGHV4-31 /// MIR8071-1 /// MIR8071-2	2.79063312303277	11.0548477590144	6.35472836831516	2.99738559435711e-08	6.4677531357137e-06	8.78145604623724
MIR155 /// MIR155HG	1.47557039109153	3.9106752550701	6.33577367084848	3.22746873435959e-08	6.90091496655795e-06	8.71118399350932
PDE4B	1.34428576784797	4.45846332184356	6.3286125231648	3.31889017657805e-08	7.01487236923222e-06	8.68464417289245
IGK /// IGKC	1.77757601669257	8.84041470370187	6.32695494000126	3.34041541392011e-08	7.01487236923222e-06	8.67850175505835
COL6A3	2.05901657103883	8.144732029639	6.32283238723118	3.39455384113617e-08	7.03273269957695e-06	8.66322621929018
PECAM1	1.23618010294963	5.90470274632826	6.32017880749229	3.429861522387e-08	7.03273269957695e-06	8.65339465505189
MPEG1	1.36164692167259	5.90092399330197	6.31952449205546	3.43862355634077e-08	7.03273269957695e-06	8.65097051231863
THEMIS2	1.31134036524429	5.07560677904422	6.31454450483156	3.50604399859888e-08	7.10880645233153e-06	8.63252180220757
ENTPD1	1.21848822133358	4.88177420725576	6.30655546518321	3.61695512120076e-08	7.14044672618039e-06	8.60293108768305
PXDN	1.41110935122057	6.18664225134479	6.30601340331656	3.62460554485878e-08	7.14044672618039e-06	8.60092357224834
IGKC	1.02183298236875	6.44683375420162	6.30470873230501	3.64308506437775e-08	7.14044672618039e-06	8.59609187175889
C5AR1	1.75306298455423	5.29769654029877	6.28923997137538	3.86945005292563e-08	7.38486773060034e-06	8.53881839154453
LCP1	1.17237683364616	7.31170441191041	6.28765737605519	3.89338264708521e-08	7.38486773060034e-06	8.53296018589526
CCL2	2.11150880338997	6.296126844361	6.26869517323495	4.1918279490791e-08	7.79451040109568e-06	8.46278922367821
S100A4	1.64235883878797	8.22352551164818	6.26765930662419	4.20877049719027e-08	7.79451040109568e-06	8.45895701825459
VCAN	1.55615597631692	5.12365717110714	6.26383836413484	4.27185564051505e-08	7.7975612710568e-06	8.44482236523768
RAB31	1.81245303617666	6.89007735584307	6.26354585082308	4.27672365631942e-08	7.7975612710568e-06	8.44374034700404
CTSK	1.71628795454868	7.06043936934197	6.25522051057996	4.41760763934681e-08	7.99247166749516e-06	8.41294842172581
IGKV1-37 /// IGKV1-37 /// IGKV1D-37 /// IGKV1D-37	2.23430627593063	8.14075578189515	6.24954768391002	4.51623523228536e-08	8.10853837124821e-06	8.39197129229312
CYTIP	1.69768827475318	5.65398942166889	6.24233787795687	4.64474561366014e-08	8.19065000343288e-06	8.36531570589204
SELL	2.18500201254593	6.1469113363166	6.24114023437139	4.66644175365649e-08	8.19065000343288e-06	8.36088840991223
PKIB	-1.53362335208763	7.71182505507693	-6.23540322439168	4.77177518868526e-08	8.31349277317611e-06	8.33968273701577
COL4A1	1.93874608275321	7.09922184229692	6.2272421799626	4.92569412408942e-08	8.43339379916449e-06	8.30952334954927
RGS5	1.02869531327252	5.57072646079757	6.22403034228464	4.98761277076322e-08	8.43339379916449e-06	8.29765592331162
IGKV1-17 /// IGKV1-17	2.63143598263454	8.14315527231201	6.22267958239986	5.01388331873171e-08	8.43339379916449e-06	8.29266533941916
FAM26F	1.09549495949739	4.82859265027805	6.22267353997806	5.01400114416378e-08	8.43339379916449e-06	8.29264301524587
MMP1	3.95047185268229	8.20372067127214	6.22237237471806	5.01987726140744e-08	8.43339379916449e-06	8.29153034310847
IL13RA2	2.11194859349779	4.42030711762257	6.21657476892222	5.13433783671363e-08	8.50419900841581e-06	8.27011272889642
SELP	1.50733222705857	6.1871677486916	6.21040412870723	5.25901021158316e-08	8.59682009741735e-06	8.24732117462882
LOC101928620 /// POU2AF1	1.19217011470492	4.69170911547297	6.20841137929972	5.29991034917311e-08	8.59682009741735e-06	8.23996177351988
AKAP2 /// PALM2-AKAP2	1.48861717307676	6.83274553081431	6.19405316208852	5.60408719836389e-08	9.02795417161086e-06	8.18694888721283
abParts /// IGKC /// IGKV4-1 /// IGKV4-1	2.34270993877114	8.06899022455231	6.17897791765466	5.94211007766398e-08	9.44313709639573e-06	8.13131399682142
GPR65	1.25918254042609	4.69303124309451	6.16860376421781	6.1864000752516e-08	9.70027531799452e-06	8.09304368697716
SERPING1	1.5527884385449	5.42942891104031	6.16222071934605	6.34163333021486e-08	9.8778288693148e-06	8.06950286064256
AQP9	1.90470493344458	6.02809697852621	6.15715650954019	6.46753763087819e-08	9.88782605696161e-06	8.05082934812114
TREM1	1.70480094019209	5.40587207271118	6.15432768311288	6.53894320091439e-08	9.92231897325848e-06	8.04039979821868
COL15A1	2.47091552177423	6.90341472391647	6.1470404801034	6.72651091783124e-08	1.01098463685439e-05	8.01353712607411
CLEC4A	1.16059561703381	4.26337155928775	6.14456335657896	6.79147842784836e-08	1.01098463685439e-05	8.00440719994462
AKR1B1	1.32368887446929	7.00835091524549	6.13794361499774	6.96816518512706e-08	1.02950022358782e-05	7.98001245691177
C2CD4A	1.90334833877271	6.39180785401314	6.1366433371432	7.00340288154977e-08	1.02950022358782e-05	7.97522135811324
FCGR3A /// FCGR3B	2.15423742276678	4.84448837482742	6.12602391278818	7.29788735722251e-08	1.06612615305511e-05	7.93609992398742
MZB1	1.77273789559927	6.01997309137783	6.11401391494155	7.64575700314973e-08	1.11005064638322e-05	7.89187228459098
FPR1	1.35152687079644	5.09646736790882	6.10589126992706	7.89030354183813e-08	1.13852723499407e-05	7.86197017207587
IGH /// IGHA1 /// IGHA2 /// IGHG1 /// IGHG2 /// IGHG3 /// IGHM /// IGHV4-31 /// LOC102725526	1.97982948040007	7.23142995227647	6.09892845863341	8.10609606705083e-08	1.15927246286694e-05	7.83634431849204
COL5A2	1.99426226174275	5.91732530633927	6.09808435804176	8.13265120633694e-08	1.15927246286694e-05	7.8332381118312
GZMB	1.55694927546236	5.4941841951525	6.07590614153364	8.86213924675076e-08	1.2481288328358e-05	7.75165667319925
IGLC1	1.11046990936682	7.53070808002243	6.07268384493926	8.97339210661821e-08	1.25627489492655e-05	7.73980882333122
CKAP2 /// IGLC1 /// IGLJ2 /// IGLJ2 /// IGLJ3 /// IGLJ3 /// IGLJ3 /// IGLV1-44 /// IGLV2-14 /// IGLV@	1.79194256191529	8.49299926376981	6.06121332385677	9.38077999979489e-08	1.28276712555335e-05	7.69764445677568
PFKFB3	1.63571197739604	8.0156210232261	6.0546488597758	9.62211992194918e-08	1.30816335586269e-05	7.67352187403516
ANXA1	1.5683027749534	5.5625799223771	6.04932634430039	9.82231120107116e-08	1.32011862542396e-05	7.65396723053395
TRPM6	-1.09048205608192	5.88877115926471	-6.03365138597739	1.04361827218704e-07	1.37898324504714e-05	7.59639987943825
GPR183	1.49173144130378	5.24882737761265	6.03063133466594	1.05587529773634e-07	1.38738474875747e-05	7.58531227183562
IL10RA	1.20431494067259	5.68018065822303	6.01947937297678	1.10238518066892e-07	1.41443195635506e-05	7.54438028245534
CXCR2	2.07054247454875	5.44363183725741	6.01907881397333	1.10409298628607e-07	1.41443195635506e-05	7.54291038710308
IGHA1 /// IGHA2 /// IGHG1 /// IGHG3 /// IGHM /// IGHV3-23 /// IGHV4-31	1.57158210095635	7.50974571249686	6.0164040501837	1.11556440668936e-07	1.41443195635506e-05	7.53309560082967
COL1A1	1.18193965890158	6.69592847992117	6.01333914629346	1.12885434283225e-07	1.41443195635506e-05	7.52185041991752
MS4A7	1.03422436502206	4.92110916334047	6.01290649974211	1.13074296679697e-07	1.41443195635506e-05	7.5202631351249
NCF1 /// NCF1B /// NCF1C	1.2025983659382	4.95898230103858	6.01039004872095	1.14179023013829e-07	1.41443195635506e-05	7.51103133362089
VNN2	1.66489908093006	5.13385358450964	6.01020408429347	1.14261084909635e-07	1.41443195635506e-05	7.51034914232134
LINC00152 /// LOC101930489 /// MIR4435-1HG	1.32693963589875	6.83914599924269	6.00693645786753	1.1571258939875e-07	1.41747922013469e-05	7.49836295816805
GBP5	1.4842444946184	5.11765989924171	6.00542910849431	1.16388310622435e-07	1.41836946416563e-05	7.49283424522785
CXCL1	2.58348685771962	8.04774947660351	5.99478726489878	1.21271442800762e-07	1.45525731360915e-05	7.45381051735163
LILRB2	1.50403760578454	4.5790263340484	5.98970850980685	1.23672926526445e-07	1.46793617562629e-05	7.43519215955061
PLA1A	1.33971946451549	4.65324025214474	5.98028634485108	1.2825366846027e-07	1.50826314109278e-05	7.40066061185869
STEAP4	1.08482770630629	3.81586649837413	5.97489140206013	1.3095178923928e-07	1.53107069400478e-05	7.38089409701578
LAPTM5	1.44480914746932	7.75328125198087	5.96870697366592	1.34113993932609e-07	1.54625545945831e-05	7.3582399966872
ITGA5	1.08591993059285	6.49739721685734	5.96738300796696	1.34800730180114e-07	1.54648027675962e-05	7.35339089273988
MMP10	2.43106138062948	4.78041249216766	5.96168033250672	1.37798729247546e-07	1.54648027675962e-05	7.33250732458967
SERPINE1	1.04062870439589	4.40126445654756	5.96163072741458	1.37825095225056e-07	1.54648027675962e-05	7.33232568766485
CSF3R	1.20900304430119	5.86656044577443	5.96147714128046	1.37906760650593e-07	1.54648027675962e-05	7.33176330984416
THBD	1.02334974134921	4.65927041278275	5.96115426861332	1.38078596139252e-07	1.54648027675962e-05	7.33058107580507
GPR116	1.33107534726312	5.21935362174419	5.95613034555879	1.40779861937973e-07	1.56185960036845e-05	7.31218732798791
CCL18	1.72920322258317	6.33502244523844	5.95155103701581	1.43287642612007e-07	1.58221847616639e-05	7.29542454127265
CFH /// CFHR1	1.57286094885067	5.88526796462943	5.94847955935308	1.44994430478571e-07	1.5902321090088e-05	7.28418291996624
PLVAP	1.09397956589949	6.803757507161	5.94191245156829	1.48711561060739e-07	1.60444766795806e-05	7.26015180873314
AIM2	1.38814375290556	5.32904910829674	5.93918138584069	1.50285055908154e-07	1.61402032646566e-05	7.25015980511495
PHLDA1	1.25169886984037	5.80537730987457	5.92123234291149	1.61044649335641e-07	1.69653705499781e-05	7.18451747381647
SAMSN1	1.19679919627705	4.44366552937393	5.92003210141128	1.61790760139717e-07	1.69653705499781e-05	7.18012968524888
CHN1	1.38598727812683	5.68868643787147	5.91616510147176	1.64217979474787e-07	1.69653705499781e-05	7.16599431809734
IGH /// IGHA1 /// IGHD /// IGHG1 /// IGHG3 /// IGHM /// IGHV3-23 /// IGHV4-31	1.7418223421353	6.92463174729427	5.91578052402709	1.64461331840069e-07	1.69653705499781e-05	7.16458866013948
C11orf96	1.88873022959364	7.60776265392586	5.91377080588799	1.65738860072732e-07	1.69653705499781e-05	7.15724335100743
HTRA1	1.1658515062665	6.28728298684133	5.91351392723799	1.65902858269344e-07	1.69653705499781e-05	7.15630452931522
GLIPR1	1.18756875477916	4.70559388751846	5.90544286803287	1.71138298460696e-07	1.73498826715326e-05	7.1268119606488
CXCL10	2.06138084615258	6.75238178829612	5.90370503304117	1.7228680683967e-07	1.73913549221847e-05	7.12046297536179
LST1	1.02930818155723	6.11730595953822	5.90146557404298	1.7377809258111e-07	1.74669262286654e-05	7.11228202436231
SLAMF7	1.30081739307814	5.55913856502631	5.88968320024295	1.81837206903539e-07	1.80456164825791e-05	7.06925224254786
F3	1.1292224507175	7.95804036458118	5.88814380719968	1.82917117891616e-07	1.80765151798773e-05	7.06363184277343
ELTD1	1.75860284578574	5.46633896005639	5.88511159387883	1.85062875502385e-07	1.82120453214063e-05	7.05256212548157
NCF1	1.07075856522407	5.39614242714289	5.85105156930695	2.10946427633432e-07	2.00868825017746e-05	6.92831505489164
COL1A2	1.74230882016599	7.39239945225234	5.84149226883936	2.18834117431841e-07	2.06820500561347e-05	6.89347592105844
FCGR2B	1.32536740029359	4.74754056769603	5.83143770516892	2.27445533567064e-07	2.13128244999894e-05	6.85684718804122
CCL11	1.32303326279677	6.253919425967	5.82222033635816	2.35634134239237e-07	2.19055922423196e-05	6.82328233162243
FAM129A	1.35936688716035	5.79554261079348	5.81821635058116	2.39281490863352e-07	2.19839869730705e-05	6.8087060925762
STC1	1.50019543083504	4.97514586670081	5.81364353685674	2.43515384926819e-07	2.22859216088669e-05	6.79206219399689
IL11	1.33747904390166	5.08088292602508	5.807709181949	2.49120600227286e-07	2.27105291369991e-05	6.77046760528932
TAGAP	1.09403530650713	4.15925643218357	5.80480473886742	2.51910295816445e-07	2.27881929138568e-05	6.75990065301237
GBP1	1.1910186312421	7.57605893424412	5.80237419536064	2.54268553636114e-07	2.28946705180416e-05	6.75105888559429
IL6	2.06425206004338	5.77818406399576	5.80059610713624	2.5600758274851e-07	2.28946705180416e-05	6.74459120547466
LGALS1	1.54474387508799	8.54758907168691	5.79751861055591	2.59045329180122e-07	2.30785838724109e-05	6.73339821764262
SLFN11	1.05115884814798	4.29663273415466	5.78876907211514	2.67878046681948e-07	2.37754402187148e-05	6.70158414701832
TRIB2	1.23912518713857	5.87079205647827	5.78544686851307	2.71309319091387e-07	2.38996074345672e-05	6.68950759018804
LUM	1.56794687813931	6.56339330674334	5.76331146724133	2.95307816217393e-07	2.56296672968011e-05	6.60908930705244
TFPI2	1.93470609106891	3.84596141522693	5.75188140981054	3.08510071512937e-07	2.65745891200696e-05	6.56759547843887
IGKC /// IGKV2-28 /// IGKV2-28 /// IGKV2D-28 /// IGKV2D-28	2.39353692445969	7.63383896217921	5.75097224227223	3.09584924272919e-07	2.65745891200696e-05	6.56429592085129
COL3A1	1.58980318400867	7.98840426155116	5.73579945738621	3.2807922225673e-07	2.75586546695653e-05	6.5092512593083
IGLC1 /// IGLJ3 /// IGLV2-14 /// IGLV@	1.94344159062086	8.84938098264769	5.73360606498554	3.30841637446718e-07	2.76917982660029e-05	6.50129716847568
DDIT4	1.11667838057427	8.42165386926323	5.72619317150779	3.40348936461709e-07	2.81161373849352e-05	6.47442119870152
IL7R	1.62292385891248	7.10029087391925	5.72615220503387	3.40402220863246e-07	2.81161373849352e-05	6.47427269787801
IGHA1 /// IGHD /// IGHG1 /// IGHG3 /// IGHM /// IGHV4-31	1.75926496987188	6.97091099621015	5.72150493951265	3.46500688499951e-07	2.83531178358592e-05	6.45742852297914
ACKR1	1.35141483262116	6.28941479446823	5.72099151229963	3.47181034724807e-07	2.83531178358592e-05	6.45556781507229
MAFB	1.18044509241529	6.66284240531827	5.71449461054566	3.55905075696359e-07	2.8765936015046e-05	6.43202634989584
C1S	1.71858536010294	6.02856538672467	5.71223391401764	3.5899128525591e-07	2.89160103740377e-05	6.42383644000987
SPARC	1.68216000936513	7.09438967716228	5.70330685777501	3.714387778562e-07	2.96564574799301e-05	6.39150469178024
OSM	1.07383652855703	4.90817957885625	5.70293486760935	3.71966622303545e-07	2.96564574799301e-05	6.39015772864913
IGLV1-44	1.42166206902369	6.44626217413908	5.69960653504531	3.76722559416157e-07	2.9934170937392e-05	6.37810702599092
FCGR1B	1.18922111943456	4.25287566141828	5.69186466693874	3.88018877300365e-07	3.05224213849652e-05	6.35008396209807
TLR8	1.04293177102043	4.13125314162801	5.68909507852321	3.92140822557186e-07	3.07438404884834e-05	6.34006149327684
TNFRSF17	1.91882350679132	4.94380821594664	5.67057027394646	4.20845904912981e-07	3.25577235987872e-05	6.27305948322589
CKAP2 /// DKFZp667J0810 /// IGLC1 /// IGLJ2 /// IGLJ2 /// IGLJ3 /// IGLJ3 /// IGLJ3 /// IGLV1-36 /// IGLV1-36 /// IGLV1-44 /// IGLV1-50 /// IGLV1-50 /// IGLV@	2.27316870343482	7.08375627178377	5.66972856497044	4.22198371497879e-07	3.25577235987872e-05	6.27001656663875
NAMPT	1.31533056160531	8.39465292093908	5.64954379099404	4.55949344438844e-07	3.45933180038762e-05	6.19708325759167
IGH /// IGHA1 /// IGHA2 /// IGHD /// IGHG1 /// IGHG3 /// IGHG4 /// IGHM /// IGHV3-23 /// IGHV4-31	2.08474053669793	7.07008335657644	5.63460474354472	4.82632679682845e-07	3.62668390611518e-05	6.14315160550298
PPP1R18	1.08280754667053	6.02296216103948	5.62392668423644	5.0264500185094e-07	3.76503517310003e-05	6.10462756706161
FOXQ1	1.35275389832308	6.63179228706709	5.59596802030233	5.59009621950236e-07	4.12160072359547e-05	6.0038588508109
IGHA1 /// IGHG1 /// IGHM /// IGHV3-23 /// IGHV4-31	1.52521584451629	4.88745706313498	5.59258702406845	5.66235339695246e-07	4.14886454505675e-05	5.99168294584857
LOC100129518 /// SOD2	1.18622116995803	7.03825806209587	5.58935515212981	5.73228545674547e-07	4.17409764528339e-05	5.9800460907734
P2RY13	1.30538314646312	4.24800844556488	5.58618362311326	5.80174074319107e-07	4.19867514707243e-05	5.96862842599003
FAM65B	1.13729673804163	4.43252439296397	5.5748332377328	6.05718677765497e-07	4.3567288382399e-05	5.92778208286259
IGHA1 /// IGHA2 /// IGHD /// IGHG1 /// IGHG3 /// IGHM /// IGHV4-31	1.61331339077044	7.00009544871262	5.56653292451718	6.25098851354181e-07	4.46879178840436e-05	5.89792749469204
S100A12	1.84564519091425	4.71652620929095	5.56244602551837	6.34864897064587e-07	4.52485526635124e-05	5.88323257524306
IGLL5	1.56380077645675	8.40032438986459	5.55313276069417	6.57686111516757e-07	4.65927028399823e-05	5.84975766661886
TCF4	1.20714639151148	6.18663734686485	5.55226090286511	6.59863514276654e-07	4.66065761435042e-05	5.84662478326448
IGK	1.54484438680066	6.84412345372122	5.53834573980149	6.95594328384897e-07	4.85471175181388e-05	5.79664283121177
C16orf54	1.53400751321622	4.55240982333465	5.53234133646649	7.11595810111864e-07	4.93708951440443e-05	5.7750872556495
FCN1	1.3529541189438	4.47666281348144	5.52825666522552	7.2268836208455e-07	4.99930302242018e-05	5.76042748876468
MRC1	1.05806838695646	5.88099168334695	5.52401353532717	7.34391934929307e-07	5.05414917474195e-05	5.7452024979634
TRIM22	1.08526716969354	8.65084092578765	5.51703174896062	7.54057748548082e-07	5.14070673792779e-05	5.72015853863495
SAA1 /// SAA2 /// SAA2-SAA4	1.60919342987901	5.87194091981309	5.51254228321077	7.66976935260526e-07	5.17017550890014e-05	5.70405974493982
PCDH17	1.32292856296112	5.03180229252181	5.50595912207703	7.86316945430229e-07	5.28404987329114e-05	5.68046041933387
IGHM	1.56963015671635	7.04705778775859	5.50022013524644	8.0356897500047e-07	5.38459894359289e-05	5.65989436025865
IGLJ3	1.1591400094006	6.45443923265233	5.48892938892186	8.38607436228475e-07	5.5875486969104e-05	5.61945250892788
COL12A1	1.10388244693796	4.12180370642579	5.48023599344714	8.66608650842765e-07	5.72545940107355e-05	5.58833156215657
APOL1	1.11568065739651	6.89298230821029	5.46736219780898	9.09776916391492e-07	5.94387585375775e-05	5.54227373665057
IGH /// IGHA1 /// IGHA2 /// IGHD /// IGHG1 /// IGHG3 /// IGHG4 /// IGHM /// IGHV4-31	1.2789630991054	6.10404394910819	5.4621913597931	9.27706663573504e-07	6.04422734826837e-05	5.52378389150528
EMP3	1.30173667491683	6.262831130863	5.45980711356245	9.36090932509282e-07	6.08200517475644e-05	5.51526017505467
CSGALNACT1	1.64299197189962	4.81686376825789	5.44417138612651	9.92956445338254e-07	6.32908823695277e-05	5.45939136152718
MGP	1.01115788604268	4.314207782994	5.43498935575171	1.02792409734264e-06	6.51665088126657e-05	5.42660629964638
CD55	1.20299837531451	10.1365578221281	5.42008497749192	1.08728578259859e-06	6.78327894077422e-05	5.37342690147105
CAV1	1.47578610258127	7.21816644350864	5.41243455761962	1.11905592935153e-06	6.87211369669658e-05	5.34614815274916
GUCA2B	-1.93939096478704	8.08613250830465	-5.4040530696827	1.15491288955725e-06	7.0554678343861e-05	5.31627697303812
NXN	1.00505567729868	6.45335760277924	5.39107625333653	1.21267467689094e-06	7.29465687991683e-05	5.27005797896291
LAMP3	1.75590488078683	5.80577940050562	5.37840137236405	1.27183785681689e-06	7.56046134744614e-05	5.22494946635909
SNX10	1.18943584316962	6.55940141683628	5.37817189074845	1.27293481870267e-06	7.56046134744614e-05	5.22413308783448
VCAM1	1.78652813046243	6.13365889463642	5.36905097194975	1.31729746847261e-06	7.77785497377346e-05	5.19169481179042
PIM2	1.06958665198102	6.18217449023831	5.36546873964121	1.33513445336761e-06	7.83101305316861e-05	5.17895968550712
SPARCL1	1.38753435331087	8.60208870597943	5.36223722177382	1.35142914680143e-06	7.90686903800241e-05	5.16747379359034
TDO2	1.07574193745012	3.89816067838029	5.35799414569059	1.37312237278064e-06	7.93492290898327e-05	5.1523959748545
TNFSF13B	1.46957871583585	6.40097457977639	5.3570348429483	1.37807426649306e-06	7.93492290898327e-05	5.14898763164732
PTPRC	1.0682689416471	5.10291800559937	5.35041015635067	1.41275421964015e-06	8.06504350629521e-05	5.12545608065942
RAC2	1.07110660457506	6.94635393724256	5.34735607061895	1.42903038875124e-06	8.09898668516363e-05	5.11461093475081
RASSF2	1.32765173027153	5.33715116963289	5.34442233535228	1.4448390483263e-06	8.12274533674916e-05	5.10419510698198
TNFRSF11B	1.53994295549206	5.50759958837378	5.34408765172037	1.44665342729919e-06	8.12274533674916e-05	5.10300697990193
C1QC	1.18635311621205	6.63443988598352	5.34018809590249	1.46795972590902e-06	8.2085935202969e-05	5.08916539290859
ISX	-1.48624085396724	7.41311138154201	-5.33994278772291	1.46931031974702e-06	8.2085935202969e-05	5.08829477768836
CLIC2	1.20560674909335	4.71287053214675	5.31660589151046	1.60355215197714e-06	8.81204360151926e-05	5.00553225326247
IL33	1.52081499006475	4.69499118921604	5.29356150158642	1.74794148279918e-06	9.34354174441743e-05	4.92392807450445
TUBA1A	1.06349994608205	8.41830044752729	5.28847422656613	1.78150166273894e-06	9.47984595195021e-05	4.90592952857286
CYYR1	1.07542485050609	4.60865702248283	5.28155201587207	1.8281873646271e-06	9.66268917214144e-05	4.88144864699762
GJA1	2.00988552655983	8.01756168681659	5.27603570918835	1.86625154844411e-06	9.79782062933157e-05	4.86194778126749
CDH5	1.13617543450979	5.22539092379093	5.23427996008955	2.18081269667208e-06	0.000111748833607249	4.71456668391315
CCDC69	1.04014762959786	5.05526698879525	5.20633171743157	2.41992533464873e-06	0.000120842131360803	4.61615203264781
EVI2A	1.45589201056859	5.62240760650988	5.20299363437512	2.45015428748685e-06	0.000121577276037322	4.60441017496366
SPP1	1.36064792810219	4.26521691964581	5.17428412259327	2.72594548419313e-06	0.000130578895699027	4.50353547833209
HMGCS2	-1.86431621447756	6.32018088525568	-5.17364394566809	2.73243075598982e-06	0.00013062351906683	4.50128843987122
TNC	1.2006709276955	4.26027503359094	5.15620689311787	2.91502694642174e-06	0.000137673561806906	4.44012300172184
MEOX1	1.24025942712464	4.67161892180586	5.15052099390681	2.97712173606702e-06	0.000140043806464593	4.42019446975142
GUCA2A	-2.00420235859417	10.3595288054167	-5.14945119924939	2.98894923945196e-06	0.000140319533157505	4.41644584683213
OSMR	1.12828585109867	4.5950969564628	5.14823287257358	3.00247513912495e-06	0.00014067373560203	4.41217710862387
MCAM	1.09175918802905	5.8136741427424	5.13024943720617	3.20926585184384e-06	0.000147425650069076	4.34921073710461
CTSH	1.06724069769548	8.92687233520054	5.1288426497964	3.22602027716481e-06	0.000147906426742527	4.34428852482863
SERPINF1	1.17327063761203	6.49414004972595	5.12112530741149	3.31947179109219e-06	0.000151306156059086	4.31729524344847
COL5A1	1.13077408800865	5.42564720201873	5.11567021916848	3.38712825499391e-06	0.000153497604156949	4.29822390421286
WNT5A	1.8513373023037	6.36145137113636	5.10498707215638	3.52357267145653e-06	0.000159373902370495	4.26089701153264
TLR1	1.15587541648781	3.80204978237458	5.10294723685161	3.55023240847729e-06	0.000160271528305923	4.25377316632269
ALOX5AP	1.01357379421507	6.49665036741449	5.10100038377398	3.57586164309899e-06	0.000160872042205492	4.24697504900444
SAA1 /// SAA2	1.52086624693718	6.57611574086848	5.09916469739605	3.60019383860856e-06	0.000161596486801667	4.24056600484935
CKAP2 /// IGLJ3 /// IGLV3-19 /// IGLV3-19	1.13014972232689	5.5726408884722	5.09230105180485	3.69262125426973e-06	0.000164310572126406	4.21661025832081
GIMAP4	1.01953567677299	6.44117482728107	5.07381072656892	3.95336768911344e-06	0.000173153087612566	4.15213557692286
MMP9	1.52834590750945	6.24585517947878	5.07029186509812	4.00499856110877e-06	0.000175088412931744	4.13987563452753
TMEM45A	1.47587006114875	4.87101253385429	5.05771252746194	4.19504088559516e-06	0.000180379088901642	4.09607504510676
CD69	1.55164259897658	5.07395733368073	5.04322895139952	4.42483049513927e-06	0.000188462443071787	4.04569586848631
DSG3	1.45847990411044	4.66561414061222	5.03735087672878	4.5215740752607e-06	0.000190586778226042	4.02526571264592
CDHR1	-1.02998863755337	4.94601887585447	-5.03425619610308	4.57333854162307e-06	0.000191396659250844	4.01451338674107
TWIST1	1.37348700587246	4.60192094992009	5.02768657471228	4.6851632780736e-06	0.000195035469558037	3.99169605629014
HLA-DQA1 /// HLA-DQA2 /// LOC100509457	1.85986598864602	7.1089602562687	5.02145956738456	4.79363087092955e-06	0.00019814797554352	3.97007940100016
SLC7A11	1.05459243051329	5.39065608506778	5.01267145916691	4.95091324836682e-06	0.000203576013289489	3.93958987735679
IGLC1 /// IGLV3-10 /// IGLV3-10	1.75762893893508	6.79486666921211	5.01076436954556	4.98570751003799e-06	0.000204292405289362	3.93297617202776
MXRA5	1.66964267121597	7.90835961079412	5.00235358529386	5.14204329686566e-06	0.000209679985271515	3.9038197365866
CXCR4	1.27320341829558	6.16786313668542	4.98642900799488	5.45132308854574e-06	0.000219044050360485	3.84866931049192
IFI16	1.14037734567161	7.62372036594864	4.98398164251157	5.50044464208845e-06	0.000220017785683538	3.84019970569363
CMTM2	1.13194161986643	4.80015759923204	4.95991959684461	6.00710562846236e-06	0.000236266094283336	3.75701644716153
CKAP2 /// IGLC1 /// IGLJ2 /// IGLJ2 /// IGLJ3 /// IGLJ3 /// IGLJ3 /// IGLV3-1 /// IGLV3-1 /// IGLV@	1.57778620241812	6.91212959849842	4.95877110330828	6.03240025087994e-06	0.000236864864608842	3.75305009861633
BST2	1.2432587562648	6.67873472701946	4.94742873016166	6.28788128812644e-06	0.00024400594947362	3.71389880896815
CKAP2 /// IGLC1 /// IGLV3-1 /// IGLV3-1 /// IGLV@	1.51442843742185	6.27050201266484	4.94612097358002	6.31801119172767e-06	0.00024400594947362	3.70938705521928
IL24	1.63315369981159	5.00238223367013	4.94175248434972	6.41968797723277e-06	0.000246795710891321	3.69431928362663
CORO1A	1.10641743746046	6.55097716624706	4.9416656538616	6.4217251303354e-06	0.000246795710891321	3.69401984291261
HLA-DQB1 /// LOC101060835	1.15981919653165	7.49479900566671	4.93440469469007	6.59433705194651e-06	0.000251783778347048	3.66898748550408
IGLJ3 /// IGLV3-19 /// IGLV3-19	1.47703368445744	6.79635488495843	4.91334960047513	7.12098803315928e-06	0.000268837301027137	3.59648420064831
TMEM158	1.57868094997864	6.31128746206332	4.90063469008482	7.45875578912744e-06	0.000277140499463314	3.55276185018347
GLYR1 /// SEPT6	1.06216232367719	6.00286806920265	4.86434471281846	8.51145615048708e-06	0.000306568834087988	3.42823058939599
GPNMB	1.01078830036113	4.07535870678202	4.86296610586315	8.55419102092088e-06	0.000306699043920822	3.42350741565774
RASGRP1	1.0205080464065	5.26012350465238	4.84990218848778	8.96972268637606e-06	0.000317722707204164	3.37877767015772
AQP8	-2.76412747423305	6.33543008982429	-4.84287448972173	9.20136480740251e-06	0.000323976198009142	3.35473635761238
FGF7 /// KGFLP1 /// KGFLP2	1.39070374848789	4.42322313765854	4.82748990739127	9.729087811205e-06	0.000336017834536772	3.30215811515783
LRRK2	1.03614596185822	4.13183348360635	4.81187381352033	1.02950127304474e-05	0.000347582623363446	3.248861370617
RGS18	1.01192447551216	3.48434552991236	4.8090947262469	1.03990481015568e-05	0.000349899852480535	3.23938424488559
CHP2	-1.66529549087631	8.96667211518591	-4.80571600297851	1.05269168786605e-05	0.000352194999980219	3.22786542146361
PCK1	-2.25214157504332	9.30996885565284	-4.79877287252894	1.07945282440185e-05	0.000360123835885553	3.2042056312616
RTEL1-TNFRSF6B /// TNFRSF6B	1.0776773146459	6.82329851541124	4.74362448520389	1.31700262552137e-05	0.000416342765487401	3.01680552515884
APOBEC3A /// APOBEC3A_B	1.86325200177265	5.44148060209816	4.72651276370316	1.40059220770759e-05	0.00043631693675871	2.95885083500027
GAS1	1.03864032358497	4.02320241767149	4.71788928858065	1.44465984106247e-05	0.000446496707776469	2.92967957247849
CXCL5	1.81902550987627	4.74589792816797	4.71682798726446	1.45017603806571e-05	0.000447613391276975	2.92609106283837
LOXL1	1.01917751846192	4.94222845141573	4.71602621438235	1.45435695492194e-05	0.000448315538397956	2.92338031758038
CKAP2 /// IGLC1 /// IGLV1-40 /// IGLV1-40 /// IGLV1-50 /// IGLV1-50	1.14156593483343	5.98286925970774	4.7127587520644	1.47151754578904e-05	0.000450275021737494	2.91233534367682
RGS2	1.56509875216268	9.20878678862777	4.6912776318606	1.58936279106681e-05	0.000478640369345601	2.83980792160859
PRKCDBP	1.03503838042279	5.1648273077847	4.68667065949505	1.61581162492142e-05	0.000484743487476425	2.82427256360272
CCL8	1.56429940249152	5.79783817246064	4.67570643178743	1.6804982251969e-05	0.000497799978043213	2.78732725878131
IGHA1 /// IGHA2 /// IGHD /// IGHG1 /// IGHG3 /// IGHG4 /// IGHM /// IGHV4-31	1.31192861531479	6.84884644678432	4.64247436958143	1.89239003729309e-05	0.000548816444847515	2.67558726035092
ROBO1	1.40833454453452	6.87813143040442	4.63763008667234	1.9253787496202e-05	0.000557695913683092	2.65932909396236
DEFB4A /// DEFB4B	1.83619035224308	6.54341861796005	4.63437521138397	1.94785833871793e-05	0.000562591580387366	2.6484095905572
FPR2	1.06141854737994	4.68298536316326	4.62156361512013	2.0388547859938e-05	0.000577353027812695	2.60546325245309
TMEM71	1.1519380047965	4.1542209501893	4.6138388951158	2.09571095998431e-05	0.000590056743694607	2.57959532152182
TNIP3	2.2368057447228	4.72765424365226	4.57557722713118	2.4009175425396e-05	0.000652827521393426	2.45176397719472
HLA-DPA1	1.3667393860357	8.99064805522446	4.57360635677391	2.41776045843679e-05	0.000654036822980816	2.44519280341274
THBS2	1.33261605411925	4.63347759136567	4.55114352594305	2.61805076791153e-05	0.000697356218134532	2.3703925098503
KLK10	1.04799460674543	4.77080588823522	4.52047794917165	2.91776920492029e-05	0.000752477321268918	2.2685592847233
FFAR2	1.14560716913043	4.36287194983261	4.51521727266483	2.97243896813493e-05	0.000763228870420671	2.25112281293523
TCN1	1.79555329268235	6.4088041767209	4.50391743172182	3.09326196604877e-05	0.000790914191335398	2.21370250691932
C2orf88	-1.06563739126441	7.7994505436754	-4.49584958682187	3.18243883446822e-05	0.000809199582558838	2.18701281315039
EGFL6	1.39447312459958	4.06381786838478	4.49004671258687	3.24812237244612e-05	0.000822344867598845	2.16783027373838
SLC26A3	-1.09858502844473	9.37882257835605	-4.47669902458267	3.40425416988931e-05	0.000848178581311405	2.12375240804882
RP1-93H18.6	1.10889679637134	3.88364584546244	4.46274506721855	3.5752808420763e-05	0.000878689711657624	2.07774069124281
PI15	1.19593549531256	4.48123588437188	4.45161387603081	3.71767679265203e-05	0.000901531017355018	2.04108705876715
LOC101929272	1.09849317341035	4.39599000006779	4.44406555382718	3.8173616035938e-05	0.000919921566767686	2.01625690365341
LGALS2	-1.13996963997225	8.04223597325276	-4.44068127055171	3.86289469438185e-05	0.000928041707986324	2.00513105007689
CECR1	1.04233682890577	6.43227060244919	4.4076781202997	4.33553091979883e-05	0.00100962066567989	1.89685270757164
IGLC1 /// IGLV3-25 /// IGLV3-25	1.51955152859545	6.55268519702542	4.40351957679169	4.39893300735657e-05	0.00102008662627392	1.88323761063976
DUOXA2	1.82420464115867	7.69389475459599	4.38349635564035	4.71704176983153e-05	0.00107948744375655	1.81777140903987
CDH3	1.27599789011902	6.64388827332775	4.36429185368381	5.04307603263008e-05	0.00114295988096633	1.75512290564158
C4BPB	1.12273198307473	7.27811435081345	4.3553102394153	5.20296825276219e-05	0.00117441279563308	1.72587097534328
EGR3	1.2818492906483	5.97359464155711	4.33624687188235	5.55881302880243e-05	0.001238099265506	1.66388555878922
PLAUR	1.06911041155605	7.85299024502765	4.31793021483254	5.92290716869314e-05	0.00129829241945632	1.60445894694053
CNTN3	-1.46172741573542	4.11903691314971	-4.30826265279229	6.12429959220212e-05	0.0013325857615307	1.57314555087173
ADH1C	-1.62238829123404	9.07006327873149	-4.29668159760121	6.37430736597976e-05	0.00137698513389295	1.53568196217742
IGJ	1.0712074639895	10.5257345986507	4.28039794968181	6.74264005296015e-05	0.00144186065454212	1.48309428660777
INSC	1.17003226724952	4.91861473209524	4.27988391072879	6.75459721060314e-05	0.00144294392727871	1.48143589766633
SLC6A14	2.21957325032252	7.8149067920154	4.27474153686373	6.87535197981998e-05	0.00145683133842672	1.46485131242792
COL4A2	1.05996093751181	7.33229284379395	4.24580068604151	7.59497444581071e-05	0.00157943235159565	1.37170914814454
CSRP2	1.00969717833645	5.9234196080761	4.22491193269012	8.15917987130739e-05	0.00167018198932245	1.3046884710631
PPBP	1.29830715070425	4.14236519956508	4.20948590250572	8.60167776399593e-05	0.00173893646736579	1.25530714157601
CLDN8	-2.55869859730819	4.87822271744408	-4.20693963155857	8.67691738750352e-05	0.00174428287994942	1.24716533493979
MX2	1.10436072472088	6.1023357698169	4.14279377388272	0.00010796893811372	0.00206122518217102	1.04293017621681
CXCL13	2.47927897200529	5.91941286038801	4.14164905646472	0.000108389393745552	0.00206757383689813	1.03930090677861
PTX3	1.24213267373319	3.43250904261557	4.12348498280008	0.000115276694051641	0.00216474743769834	0.981785833952173
ENPP2	1.016636068724	6.58237960419056	4.10461020954854	0.000122880874667276	0.00226679072327398	0.922167124356768
CARD6	1.09970923253895	5.67338601763383	3.9592903159421	0.000199997775511752	0.00330565543221111	0.468291686133771
RUNDC3B	-1.03617958450316	5.26113105957196	-3.94035268320789	0.0002129698277181	0.00346887143208429	0.409831119991487
SLC51B	-1.20130299525489	8.42636539563279	-3.92997937357707	0.000220414753610389	0.00354836071520627	0.377877427011613
IRG1	1.33787585660581	4.48089755397601	3.9133411717026	0.000232881427082527	0.00370572569445788	0.326727782793754
CCR7	1.00370170158968	5.50204369709688	3.89871673804991	0.00024439671140495	0.00383650883789641	0.281873545239178
IFIT3	1.24597719776066	7.54593327404195	3.88285071551538	0.000257508150182334	0.00397675094700492	0.233322658118526
NOS2	1.16699440954469	6.82593140959355	3.86377742461337	0.000274165572320422	0.00414337084032815	0.175111821843098
SERPINB7	2.01980576988861	5.6168922921489	3.80902831373917	0.000327925379926254	0.00474342246978198	0.00896790781907786
SELENBP1	-1.03676492126558	9.6002805310169	-3.79705019340883	0.000340967170594875	0.00488698833174373	-0.0271918233764712
CYR61	1.4709157835551	6.01056024322104	3.77323304381115	0.000368391519501849	0.0051914730609248	-0.0988868133850707
UGT2A3	-2.34535923894586	6.70636523864971	-3.74360296714495	0.0004054658347872	0.00558856124974395	-0.187696799624194
ABCA12	1.25872105276726	3.84825436326805	3.74217841966245	0.000407335409443171	0.00560264843865695	-0.191955803722293
DHRS11	-1.15533211979834	8.90227186689478	-3.73455481782595	0.000417481662861012	0.0056988791122989	-0.214731378658763
MMP7	1.33760019407488	6.65926121578694	3.67631800211704	0.000503368689743917	0.0065883314317067	-0.387767090691961
BEST4	-1.16742037462738	5.0137707817942	-3.63311604585624	0.00057772896409399	0.00732122049326005	-0.515033396363531
GABBR1 /// UBD	1.17093467495702	8.94100679204668	3.60189871097954	0.000637864305325229	0.00787950024225283	-0.606403603574599
CXCL3	1.5134564575077	7.5274185111302	3.53516912921341	0.000787016176707013	0.00915460953320917	-0.80002255691913
GIMAP7	1.00453541425712	5.73021964482091	3.51958697516598	0.000826341969139064	0.0094807624947077	-0.844898245178757
PDZK1IP1	1.10163604047282	9.17357176370265	3.51542977181041	0.000837145324191749	0.00955808641989803	-0.85684898499683
CFI	1.60651403790937	6.9398790471304	3.50884095109515	0.000854543163947523	0.00970021969886377	-0.875771076221846
REG4	1.09404856173149	9.21990302666473	3.4977807022472	0.000884522688950212	0.00993978673870472	-0.907482367839028
SLCO1B3	1.14749729624772	4.24196336820655	3.48310872968382	0.000925836145186175	0.0103055684499663	-0.949447904495807
ABCB1 /// ABCB4	-1.42227786737928	7.17658638485194	-3.45771450029795	0.00100170390334667	0.0109634523779891	-1.02180776675769
SERPINA3	1.06155630342935	6.09835879115053	3.41606154323131	0.00113905636827349	0.0121114854348067	-1.13973688634564
LYZ	1.12126762294418	9.91986853816425	3.38783443700403	0.00124208051159224	0.0128865168207541	-1.21911206706427
DUOX2	1.58714221325203	9.57357439729726	3.38651501335504	0.00124710565322814	0.0129186307189792	-1.22281150767504
RETNLB	-1.04274494562202	7.05321839064933	-3.28715593909721	0.0016859479016684	0.0163048908911351	-1.49858430402181
LCN2	1.0889033068463	11.1099728029556	3.27818014897551	0.00173206501477762	0.0166724235101489	-1.52321992466205
SERPINB3	1.60489636341373	4.28929778105277	3.27082873854019	0.0017707189321689	0.0169573734872201	-1.54336254114858
ABCG2	-1.95983412664543	7.80158314912818	-3.23413127177622	0.00197612879279177	0.0183855020595184	-1.64344352409032
HBA1 /// HBA2	1.12939042439544	9.97695160444208	3.2017874300166	0.0021755549058342	0.0197335331219516	-1.73099827497448
ABCB1	-1.42674325607823	6.72379679972647	-3.19974015944723	0.00218879394027629	0.0198180099916904	-1.73651948507823
SOWAHA	-1.09782685808811	7.55106136736758	-3.16099578155374	0.00245405900978468	0.0214570512677084	-1.84053837617281
CWH43	-1.4236600080999	5.65647951380871	-3.14757553895337	0.00255276796947476	0.0221227349454851	-1.87635921263826
PNLIPRP2	-1.86097953777974	6.44941574913819	-3.12846201574022	0.00269979030077496	0.0230618592814579	-1.92718918569275
SERPINB4	1.3193269638547	3.43088721101737	3.0805503820237	0.00310390652812277	0.0256243880454362	-2.05362931630095
GREM1	1.4709438368462	6.23306055593787	3.06062897719584	0.00328802689014933	0.0268428991517918	-2.10578856548392
IFI44L	1.03054363059461	4.6922695208475	3.05599985941481	0.0033322464982492	0.027125507533549	-2.11787369172395
BEST2	-1.06797846393401	6.68204608800651	-3.05098024377939	0.00338082315051484	0.0274101897621886	-2.13096329092353
AZGP1	1.13011617519682	6.15922005171837	3.02196942645813	0.00367475946989827	0.0291423434851165	-2.20630772897829
SERPINB3 /// SERPINB4	1.15552529186038	4.65926444989552	3.0190071875699	0.00370607652054249	0.0293689082759971	-2.21397146473386
REG1A	2.25754846153242	10.1487944742481	2.91127393228985	0.00502901802340302	0.0367114506340459	-2.48892075590259
KDM5D	1.12306210665843	5.45600136066005	2.78906187220799	0.00705244904343089	0.0469365029715604	-2.79172753856134
SPINK4	1.00359935379815	11.2414412480206	2.77840207592159	0.00726052228916931	0.0477921620123193	-2.8176704516328
